"ОАО "Банк БФА";3038
"НКО "Транштрейд" ООО";2676
"АО Банк "Объединенный капитал";2611
"ООО КБ "Лайтбанк";3177
"ООО "Крона-Банк";2499
"ООО "КЭБ БАНК РУС";3525
ББР Банк (ЗАО);2929
"ООО КБ "Металлург";2877
"ООО КБ "Тайдон";2085
"ОАО "Кемсоцинбанк";96
"АКБ "ЭНО" (ОАО)";1988
РНКБ (ОАО);1354
"ООО "Банк БЦК-Москва";3480
"КБ "Геобанк" (ООО)";2027
"МБА-МОСКВА" ООО";3395
"КБ "РБА" (ООО)";3413
"АО "КАБ "Викинг";2
"НКО "Финансовые услуги" (ООО)";3496
"ЗАО "МОССТРОЙЭКОНОМБАНК";948
"АКБ "Абсолют Банк" (ОАО)";2306
"ЗАО "ГЕНБАНК";2490
"ООО КБ "ИКФ";3435
"КБ "МИКО-БАНК" ООО";3195
"Банк "ВБРР" (АО)";3287
"АКБ "Мострансбанк" ОАО";2258
"ОАО КБ "КЕДР";1574
"ООО КБ "ИНВЕСТСОЦБАНК";3010
ООО РИТ-банк;2677
"АО АКБ "ЭКСПРЕСС-ВОЛГА";3085
"ООО КБ "Интеркапитал-Банк";2706
"КБ "Интеркредит" (ЗАО)";3047
"АКБ "РОССИЙСКИЙ КАПИТАЛ" (ОАО)";2312
"Фреско банк" (ЗАО)";1415
"АО БАНК "РКБ";836
"ЗАО "КАБ "Викинг";2
Банк СБРР (ООО);1284
"Азиатско-Тихоокеанский Банк" (ОАО)";1810
"Банк "ГПБ-Ипотека" (АО)";2403
"ОАО "Банк Москвы";2748
"ПАО "САРОВБИЗНЕСБАНК";2048
"АО "БКС Банк";101
"ОАО АКЗБ "ДЕРБЕНТ-КРЕДИТ";2090
"АКБ "ВПБ" (ЗАО)";3065
"АКБ "ЛУЖНИКИ-БАНК";2462
"ОАО "Инвестиционный Городской Банк";2534
"ЗАО "Народный банк";2249
"КБ "НЕФТЯНОЙ АЛЬЯНС" (ОАО)";2859
"НОТА-Банк" (ПАО)";2913
"ОАО "ВУЗ-банк";1557
"ПАО "Социнвестбанк";1132
"Банк "Еврокредит" (ООО)";2957
"ЗАО АКБ "РОСТРАБАНК";1684
"ЗАО "Современный Коммерческий Банк";3316
"ООО НКО "МОБИ.Деньги";3523
"АКБ "Кранбанк" (ЗАО)";2271
"Коммерческий банк "ВРБ" (ООО)";3499
"ООО НКО "Мурманский расчетный центр";3341
"АКБ "СВА" (АО)";2768
"КБСР "Дагестан" ООО";543
"ОАО "Смоленский Банк";2029
"ООО "Экспобанк";2998
"ОАО КБ "ФорБанк";2063
"Банк "РЕСО Кредит" (АО)";3450
"КБ "ЭНЕРГОТРАНСБАНК" (ОАО)";1307
"АО "Банк ЖилФинанс";3138
"ООО КБ "МИЛБАНК";3256
"ПАО "Уралтрансбанк";812
"Банк "Нальчик" ООО";695
"РНКО "ФРЦ" ЗАО";3319
"ЗАО АКБ "Сибирьгазбанк";3042
"АО АКБ "ГАЗСТРОЙБАНК";2919
ББР Банк (АО);2929
"ОАО Банк "Алемар";2384
"ООО КБ "НЕВАСТРОЙИНВЕСТ";1926
"ОАО "Принтбанк";546
"АО БАНК "РСКБ";2050
"ООО "МКС";3242
"ОАО "СМП Банк";3368
"ООО "Азия Банк";3183
ЗАО НКО МРЦ;3325
"ЗАО АКБ "Алеф-Банк";2119
"АО КБ "Златкомбанк";568
"ЗАО "СМБ-Банк";3504
"ЗАО "СМАРТБАНК";3408
"ОАО АКБ "Сельмашбанк";106
"ООО КБ "ПЛАТИНА";2347
"ОАО ИКБ "Совкомбанк";963
"АО "Уралприватбанк";153
"БАНК "РЕЗЕРВ" (АО)";2364
"ОАО АКБ "Орскиндустриябанк";696
"ЗАО "ОРБАНК";937
"ПАО Банк "ВВБ";1093
"АКБ "ИНТЕРКООПБАНК" (ОАО)";2803
"ЗАО КБ "РУБанк";2813
"НКО "ОРС" (ОАО)";3342
"ОАО "Бузулукбанк";1282
"АО КБ "Северный Кредит";2398
"РИАБАНК" (АО)";3434
"КБ "НМБ" ООО";2932
"ООО РНКО "УМУТ";2435
"ООО "Костромаселькомбанк";1115
"ПАО "Промсвязьбанк";3251
"АКБ "ТЕНДЕР-БАНК" (АО)";2252
"ОАО "ЛЕСПРОМБАНК";1835
"ЗАО Банк "Вологдабанк";992
"КБ "ОББ" (ООО)";3491
"НКО "Транзит" ООО";2688
"КБ "Кутузовский" ООО";3190
"ЗАО АКБ "НОВИКОМБАНК";2546
"ЗАО "БАРЕНЦБАНК";2188
"АНКОР БАНК" (ОАО)";889
Санкт-Петербургский банк инвестиций (АО);3468
"Единый Строительный Банк" (ООО)";3506
"ОАО "БАЛТИНВЕСТБАНК";3176
"ООО КБ "Донинвест";1617
"Банк "Левобережный" (ПАО)";1343
"АО "МСП Банк";3340
"ОАО НКО "Городской расчетный центр";3346
"ООО "Барклайс Банк";2998
"АО НКО "Частный РКЦ";3420
"БМВ Банк" ООО";3482
"КБ "РМБ" ЗАО";3123
"ЗАО КБ "Свенска Хандельсбанкен";3455
"ООО "РНКО "ВЕСТ";2605
"ПАО "Крайинвестбанк";3360
"ОАО КБ "ИВАНОВО";1763
"АКБ "Акция" ОАО";927
"ООО "СПЕЦСТРОЙБАНК";236
"ПАО "Липецккомбанк";1242
"КБ "СТРОЙЛЕСБАНК" (ООО)";2995
(ОАО Удмуртинвестстройбанк);2447
"ПАО МАБ "Темпбанк";55
"АО "Автоградбанк";1455
"ОАО СКБ Приморья "Примсоцбанк";2733
"АО "РУНА-БАНК";3207
"ООО "КБ "Тальменка-банк";826
"ООО "Промрегионбанк";2123
"ООО "КБ "Европейский Экспресс";3449
"АО КБ "Ассоциация";732
"КБ "СОЦЭКОНОМБАНК" ООО";2917
"ООО КБ "АРЕСБАНК";2914
"ПАО АКБ "Приморье";3001
"ООО Банк "Кузнецкий";609
"ОАО "РУСИЧ ЦЕНТР БАНК";2793
"АО "ИК Банк";1732
АйСиБиСи Банк (АО);3475
"ООО КБ "Финансовый капитал";3288
"Банк "Новый Символ" (АО)";370
"ООО КБ "УМБ";1441
"ЗАО КБ "СибКупБанк";2949
"Банк "Прохладный" ООО";874
"ОАО "Курскпромбанк";735
"КБ "Траст Капитал Банк" АО";2741
"ЗАО "МАБ";1987
"АО "МБ Банк";3396
"ООО КБ "АкадемРусБанк";622
"ОАО "ЧЕЛЯБИНВЕСТБАНК";493
"ОАО "БАНК ОРЕНБУРГ";3269
"Республиканский Кредитный Альянс" ООО";3017
"АКБ "ФИНПРОМБАНК" (ПАО)";2157
"АКБ "Северный Народный Банк" (ОАО)";2721
Банкхаус Эрбе (ЗАО);1717
"ОАО КБ "КОСМОС";2245
"ЗАО "ИпоТек Банк";2794
"КБ "Новый век" (ООО)";3417
"ОАО Банк "Кузнецкий";609
"Банк "Богородский" (ООО)";1277
"БАНК "ТУЛЬСКИЙ ПРОМЫШЛЕННИК" (ПАО)";2382
"АКБ "Форштадт" (АО)";2208
ЗАО Сберкред Банк;2581
"ОАО "Промэнергобанк";2728
"МКБ "Дон-Тексбанк" ООО";1818
"АО "ВостСибтранскомбанк";2731
"ОАО "АБ "РОССИЯ";328
"ООО "Эйч-эс-би-си Банк (РР)";3290
"ЗАО "НИБ";2876
"ПАО АКБ "Акцент";696
"ОАО "СИБНЕФТЕБАНК";385
"АБ "ГПБ-Ипотека" (ОАО)";2403
"АКБ "МАЙКОПБАНК" (ЗАО)";1136
"ООО КБ "Адмиралтейский";3054
"ЗАО "Дексиа Банк";3330
"РНКО "РКО "ИРЦ" ЗАО";3447
"АКБ "ЗОЛОСТБАНК" (ЗАО)";3049
"ОАО "Дальневосточный банк";843
"ООО "Осколбанк";1050
"АКБ "Лэнд-Банк" ЗАО";1478
РИТЦ Банк (ООО);2677
"ОАО "О.К. Банк";1118
"ООО "Унифондбанк";3416
"ОАО МКБ "Замоскворецкий";1640
"АКБ "СЛАВИЯ" (ЗАО)";2664
"АО КИБ "ЕВРОАЛЬЯНС";1781
"Банк "Снежинский" ОАО";1376
"КБ "БТФ" ООО";1982
"АО "АЛЬФА-БАНК";1326
"НКО ЗАО "ЛИДЕР";3304
"ЗАО "Челябкомзембанк";655
БАШКОМСНАББАНК (ПАО);1398
"ООО КБ "ПРЕОДОЛЕНИЕ";2649
"КБ "Гарант-Инвест" (ЗАО)";2576
"АО РНКО "ПРИПОЛЯРКОМ";507
"ООО КБ "ИСТОК";520
"ОАО "Витабанк";356
"Банк "СЕРВИС РЕЗЕРВ" (АО)";2034
"АКБ "ТКПБ" (ОАО)";1312
"АКБ "БАСМАННЫЙ" (ЗАО)";2158
"ОАО АКБ "Балтика";967
"КБ "Канский" ООО";860
"ООО КБ "ГРиС-Банк";1928
"ОАО КБ "ВАКОБАНК";1291
"ПАО "МОСКОМБАНК";3172
ЗАО РОСЭКСИМБАНК;2790
"АКБ "Кросна-Банк" (ОАО)";2607
"ООО "Трастовый Республиканский Банк";3404
"Соверен Банк" (ЗАО)";3206
"ОАО "ПотенциалБанк";1019
"ООО КБ "Европейский Экспресс";3449
"ОАО "Вкладбанк";1868
"АО "НСТ-БАНК";1738
Банк НФК (ЗАО);3437
"АКБ "Алмазэргиэнбанк" АО";2602
"АО КБ "РУБанк";2813
"ОАО КБ "Михайловский ПЖСБ";2961
"Коммерческий банк Индии" ООО";3446
"ОАО АКБ "Перминвестбанк";784
"ООО "БАНК ФИНИНВЕСТ";671
"ИНГ БАНК (ЕВРАЗИЯ) ЗАО";2495
"ООО "ОНЕЙ БАНК";3516
"КБ "Еврорасчет" (ООО)";3498
"ИКБР "ЯРИНТЕРБАНК" (ООО)";2564
"ОАО "Губернский банк "Тарханы";459
"ООО КБ "АСБ";622
"ПАО БАНК "ЮГРА";880
"АКБ "Традо-Банк" (ЗАО)";1065
"ООО КБ "Кредэкс";3186
"ОАО "ГАНЗАКОМБАНК";1734
"КБ "Спутник" (ПАО)";1071
ЗАО ПРЦ;3306
"Банк Ренессанс Финанс" ООО";3471
"АО КБ "КОСМОС";2245
"МТИ-Банк" (АО)";1052
"АО "СМАРТБАНК";3408
"АО КБ "Синергия";2884
"КБ "Гарант-Инвест" (АО)";2576
"ОАО "НАШ БАНК";1340
"ОАО "ИнтехБанк";2705
"НКО РКЦ "БИТ" (АО)";3318
"ООО "ПромТрансБанк";2638
"НоваховКапиталБанк" (ЗАО)";635
"АО "ГУТА-БАНК";256
"ПАО "О.К. Банк";1118
"ОАО АКБ "ЭКСПРЕСС";3084
Креди Агриколь КИБ ЗАО;1680
"ПАО "НБД-Банк";1966
"КБ "Альтернатива" (ООО)";3452
"ОАО "Плюс Банк";1189
"ООО КБ "Столичный Кредит";2853
"ОАО "УРАЛЬСКИЙ ТРАСТОВЫЙ БАНК";2523
"ООО "ЮРБ";3015
"ООО КБ "РЭБ";3231
"ПАО "Лето Банк";650
"Коммерческий Банк "Аскания Траст" (ООО)";286
"ОАО "НБД-Банк";1966
"ОАО БАНК "ТУЛЬСКИЙ ПРОМЫШЛЕННИК";2382
"ЗАО АКБ "Банкирский Дом";2928
"ОАО КБ "Хлынов";254
"ЗАО КБ "РУБЛЕВ";3098
"ОАО ККБ "КРЕДИТБАНК";1035
"ОАО КБ "САММИТ БАНК";85
"АО "РОСТ БАНК";2888
"КБ "НАЦПРОМБАНК" (ЗАО)";2360
"ОАО КБ "ЯРОСЛАВИЧ";1093
"АО "ФОРУС Банк";3457
"ЗАО "ФИА-БАНК";2542
"АО "Си Ди Би БАНК";3339
"ПАО КБ "РусЮгбанк";2093
БАНК ИТБ (ОАО);3128
"АКБ "Алмазэргиэнбанк" ОАО";2602
"ОАО "Углеметбанк";2997
"Банк "ИТУРУП" (ООО)";2390
"КБ "МБК" ООО";3471
"ООО "Америкэн Экспресс Банк";3460
"МБО "ОРГБАНК" (ООО)";3312
"СИБСОЦБАНК" ООО";2015
"ЗАО "Нижегородпромстройбанк";1851
"ООО "ЛЕНОБЛБАНК";1003
"ЗАО АБ "Капитал";575
ЗАО РП СВМБ;3324
"Натиксис Банк (АО)";3390
"ОАО КБ "Псковбанк";594
"АКБ "Энергобанк" (ПАО)";67
"ЗАО "РН Банк";170
"ОАО "СКА-Банк";1957
"ЗАО "Ури Банк";3479
"АО "СМБ-Банк";3504
"ОАО НКО "Тувакредит";1202
"ООО НКО "Дельта Кей";3513
ООО ПИР Банк;2655
Джей энд Ти Банк (АО);3061
"ЗАО "ВОКБАНК";312
"АО "МЕТРОБАНК";2548
"КБ "Рента-Банк" ОАО";3095
"ОАО АКБ "Лесбанк";1598
"ОАО АБ Народный банк РТ";1309
ЗАО НАЦИОНАЛЬНЫЙ БАНК СБЕРЕЖЕНИЙ;1949
"АО "Нордеа Банк";3016
"ООО КБ "Велга";1244
"ОАО "ЮНИКОРБАНК";2586
"ООО КБ "МНИБ";3181
"ПАО "Таганрогбанк";3136
"АКИБ "ОБРАЗОВАНИЕ" (АО)";1521
"ООО "ХКФ Банк";316
"ООО НКО "Единая касса";3512
"ООО Банк "Аверс";415
ПАО Сбербанк;1481
"КБ "МАГАРАМКЕНТ" ООО";715
"Банк "Прайм Финанс" (АО)";2758
"НКО ЗАО "МИГОМ";3323
"ОАО "Уралтрансбанк";812
"АО МКБ "ДОМ-БАНК";3209
"ОАО "АКБ САРОВБИЗНЕСБАНК";2048
К2 Банк (ЗАО);2851
"БСТ-БАНК" АО";2883
"КБ "ВИТЯЗЬ" - (ООО)";2890
"ЗАО МКБ "Москомприватбанк";2827
"АО КБ "Приобье";537
"АО "СМБСР Банк";3494
"ОАО КБ "ЕВРОКОММЕРЦ";1777
"КБ "Международный Банк Развития" (ЗАО)";2704
"АКБ "Бенифит-банк" (ЗАО)";3229
"ООО КБ "Славянский кредит";2960
"ООО КБ "Евроазиатский Инвестиционный Банк";2897
"СОЦИУМ-БАНК" (ООО)";2881
"КБ "Интеркредит" (АО)";3047
"Банк "Кузнецкий мост" АО";2254
"КБ "БДБ" (ООО)";1060
"ОАО "БайкалИнвестБанк";1067
"ОАО "ТГБ";3180
"АКБ "ГЛОБУС" (ПАО)";2438
"КБ "Гаранти Банк - Москва" (ЗАО)";3275
"ООО КБ "Ноябрьскнефтекомбанк";2274
"КБ "СДМ-БАНК" (ОАО)";1637
"ОАО "ВКБ";1153
"ПАО "БАНК СГБ";2816
ПАО НОКССБАНК;3202
"ЗАО АКБ "Национальный Клиринговый Центр";3466
"ООО КБ "НКБ";2942
"Банк "Кредит-Москва" (ОАО)";5
"ОАО "УРАЛСИБ";2275
"ОАО "НСТ-БАНК";1738
"ЗАО "Уралприватбанк";153
"АО "НДБанк";2374
"КБ "Холдинг-Кредит" ООО";3030
"ОАО Банк "ПСБ";1943
"ЗАО КБ "Квота-банк";2055
Прио-Внешторгбанк (ПАО);212
"ОАО банк "Воронеж";654
"КБ "МФБанк" ООО";3163
"КБ "СОЮЗПРОМБАНК" ООО";2965
"ОАО "Далькомбанк";84
"АО "ДАЛТА-БАНК";142
"АКБ "Радиан" (ОАО)";1675
"АО "Эксперт Банк";2949
"АО "ОТП Банк";2766
"ООО "РУСБС";779
"Банк "РЕСО Кредит" (ОАО)";3450
"ОАО "Консервативный КБ";1087
"ЗАО АКБ "Приобье";537
"КБ "Тульский Расчетный Центр" (ОАО)";3380
"ОАО "Межтопэнергобанк";2956
"ОАО КБ "Синергия";2884
"АКБ "ПРОМИНВЕСТБАНК" (ПАО)";2433
"АКБ "Вятка-банк" ОАО";902
"ОАО "Газнефтьбанк";3223
АО ЕАТПБанк;1765
"ОАО "СЭБ Банк";3235
"МТИ-Банк" (ЗАО)";1052
"ОАО КБ "Торжокуниверсалбанк";933
"ОАО АБ "Народный банк РТ";1309
"ООО "ФЕРРОБАНК";2506
"ПАО РАКБ "МОСКВА";1661
"КБ "Тульский Расчетный Центр" (АО)";3380
"ОАО МАБ "Темпбанк";55
"ООО "КБК-Банк";2571
"АКБ "СОФИЯ" (ЗАО)";2867
"ООО "Банк БКФ";2684
"ООО "Банк Империя";2535
ПАО Ставропольпромстройбанк;1288
"КБ "ЕВРОСТАНДАРТ" (ЗАО)";3200
"КБ "ССтБ" (ООО)";3397
"Банк "Йошкар-Ола" (ОАО)";2802
"КБ "НОВОЕ ВРЕМЯ" (ООО)";3492
"ОАО "Арксбанк";1868
"Муниципальный Камчатпрофитбанк" (ЗАО)";2103
"АКБ "БАНК ХАКАСИИ" (ОАО)";3334
"КБ "Долинск" (ЗАО)";857
"Феникс Капитал Банк" (ООО)";3506
"ПАО АКБ "1БАНК";2896
ТКС Банк (ЗАО);2673
"НКО "МКС" (ООО)";3242
"Соверен Банк" (АО)";3206
"ПАО "Банк "Санкт-Петербург";436
"Банк "МБА-МОСКВА" ООО";3395
"ООО КБ "ГТ банк";665
"ОАО "Банк "Казанский";2888
"ОАО "Заубер Банк";1614
"ЗАО "ЗАТО-банк";3408
"ОАО "Банк "Санкт-Петербург";436
"ООО КБ "РИнгкомбанк";1909
"ЗАО "ПЕРВОУРАЛЬСКБАНК";965
"ООО НКО "Деньги.Мэйл.Ру";3511
"ЗАО "Кавказ-Гелиос" РНКО";1618
"ОАО Банк "АЛЕКСАНДРОВСКИЙ";53
"АКБ "БНКВ" (АО)";2472
"КБ "Метрополь" ООО";1639
"ПАО АКБ "Новация";840
"ОАО "АККОБАНК";1701
"ООО КБ "Еврокапитал-Альянс";2672
"ЗАО "Новый Промышленный Банк";930
"ОАО КБ "Центр-инвест";2225
"ОАО "Рускобанк";138
"АО Банк "Советский";558
"ЗАО АКБ "Хлебобанк";1812
"Гранд Инвест Банк" (ОАО)";3053
"АККСБ "КС БАНК" (ОАО)";1752
"ЗАО КБ "Эксперт Банк";2949
"ПАО "Торжокуниверсалбанк";933
"КБ "МИА" (ОАО)";3344
"ЗАО "М БАНК";948
"ПАО Банк "ФК Открытие";2209
"ОАО "ТЭМБР-БАНК";2764
"ОАО "АМБ Банк";3036
Банк РМП (ПАО);2574
"РНКО "ЦМР" (ООО)";3400
"АКБ "НЗБанк";2944
"ООО КБ "Взаимодействие";1704
"ЗАО "Солид Банк";1329
"ОАО КБ "Великие Луки банк";598
"ПАО КБ "ЯРОСЛАВИЧ";1093
"АКБ "Ресурс-траст" (АО)";3122
"ОАО АБ "КУБАНЬБАНК";430
"Нацинвестпромбанк" (АО)";3077
Банк Экономический Союз (АО);2798
"ОАО КБ "ЮНИСТРИМ";3467
"ПАО "МИнБанк";912
"АКБ "Терра" ЗАО";3476
"Банк "КУБ" (АО)";2584
"Джей энд Ти Банк" (ЗАО)";3061
"АО "Денизбанк Москва";3330
"Русьуниверсалбанк" (ООО)";3293
"Банк "Кредит-Москва" (ПАО)";5
"АО КБ "Ситибанк";2557
"АКБ "ХОВАНСКИЙ" (АО)";2145
"ОАО "УРАЛПРОМБАНК";2964
"ООО "Фольксваген Банк РУС";3500
"ОАО "Донкомбанк";492
"КБ "РОСПРОМБАНК" (ООО)";3204
"АКБ "РосЕвроБанк" (АО)";3137
"ООО КБ "Гефест";1046
"ООО "АЛТЫНБАНК";2070
Банк ГПБ (АО);354
ОАО М2М Прайвет Банк;1414
"ООО "Русский Национальный Банк";469
"ПАО "АКИБАНК";2587
"ЗАО "Сантандер Консьюмер Банк";3052
"АО АКБ "Турбобанк";3203
"ООО КБЭР "Банк Казани";708
"ОАО ГБ "Симбирск";653
"ЗАО "БИНБАНК кредитные карты";2827
"ООО "НКО "Паритет";1860
"ПАО АКБ "РБР";2782
"ОАО АКБ "Пермь";875
"ОАО "Липецккомбанк";1242
"Банк "Смолевич" (ПАО)";1121
"ЗАО "ТРОЙКА-Д БАНК";3431
ОАО НОКССБАНК;3202
"ПАО "Геленджик-Банк";790
"ПАО "НВКбанк";931
"АКБ "СВА" (ОАО)";2768
"НКО "БРИНКС" (ООО)";3486
"АО "Кемсоцинбанк";96
"Банк "Таатта" АО";1249
"АКБ "Новый Кредитный Союз" (ЗАО)";3139
"КБ "КАПИТАЛ-МОСКВА" (ЗАО)";2789
"ОАО "Орелсоцбанк";2921
"НКО "ОРП" (ООО)";3451
"СДМ-Банк" (ПАО)";1637
"АКБ "СТРАТЕГИЯ" (ПАО)";2801
"ОАО АКИБ "КУРГАН";2568
"ООО КБ "Финанс Бизнес Банк";520
"ОАО "Волго-Камский банк";282
"АКБ "Русский Трастовый Банк" (ЗАО)";1139
"ПАО "Совкомбанк";963
"ООО ИКБ "ЛОГОС";3233
ЗАО СтройКомБанк;3050
"ОАО "МСКБ";2722
"ПАО "БыстроБанк";1745
"ОАО Комсоцбанк "Бумеранг";1002
"ООО "Чайнасельхозбанк";3529
"ОАО "ЧЕЛИНДБАНК";485
"ПАО Банк "Онего";2484
"АКБ "БЭНК ОФ ЧАЙНА" (АО)";2309
"ООО "Примтеркомбанк";21
"ОАО БАНК "ПРИОРИТЕТ";3135
"Братский АНКБ" ПАО";1144
"АО КБ "РУСНАРБАНК";3403
"ООО КБ "УЗДАН";2672
"ЗАО "Гринфилдбанк";2711
РНКБ Банк (ПАО);1354
"АО "Кредит Европа Банк";3311
"ПАО "БИНБАНК Сургут";1701
"ООО "БИЗНЕСБАНК";2862
Азия-Инвест Банк (АО);3303
"ОАО "АЛЬФА-БАНК";1326
"ЗАО "ТАТСОЦБАНК";480
"БАНК "РЕЗЕРВ" (ОАО)";2364
"ОАО "БАЛАКОВО-БАНК";444
"ЗАО "ПроБанк";2471
"ПАО "БАЛТИНВЕСТБАНК";3176
"ЗАО АКБ "ИНТЕРПРОМБАНК";3266
"КБ "Траст Капитал Банк" ЗАО";2741
"ПАО "РосДорБанк";1573
"КБ "ВЕТБ" АО";2253
"ООО КБ "Наратбанк";1902
"ОАО АКБ "Пробизнесбанк";2412
"ООО "Джаст Банк";3503
"ОАО Банк "Развитие-Столица";3013
"ПАО КБ "ЕВРОКОММЕРЦ";1777
"ООО КБ "Майма";1037
"Мой Банк" (ООО)";2939
"МКБ "КАЗДАГ Интернешнл" ООО";3173
"ООО банк "Элита";1399
"ООО "РКБ";103
"АКБ "ИРС" (ЗАО)";272
"ЗАО "КБ "СИБЭС";208
"БАНК "МСКБ" (ПАО)";2722
"МПБ "Идельбанк" (ЗАО)";3206
"ООО ИКБ "МЕСЕД";184
"ОАО АКБ "Акцент";696
"ОАО УКБ "Новобанк";1352
"ЗАО НКО "ДКД";3474
"(ЗАО "ЕвроАксис Банк")";3273
ОАО МПБ;2646
"ЗАО "БАНК КРЕДИТ СВИСС (МОСКВА)";2494
"ООО "Внешпромбанк";3261
"ПАО "Великие Луки банк";598
"АО "СМП Банк";3368
"ООО КБ "Объединенный банк развития";3345
"ОАО КБ "СОЦГОРБАНК";1827
"ЗАО КБ "Ситибанк";2557
"ЗАО "КОММЕРЦБАНК (ЕВРАЗИЯ)";3333
"ООО КБ "ДАГДОРБАНК";2922
"ЗАО "Банк Интеза";2216
"КБ "Трансинвестбанк" (ООО)";3238
"ОАО "Таганрогбанк";3136
"АБ "Алданзолотобанк" ОАО";854
"АКБ "ФЬЮЧЕР" (ОАО)";2574
"ООО КБ "Избербаш";2407
"ООО ИКБ "Совкомбанк";963
"ОАО АКБ "ГАЗСТРОЙБАНК";2919
"ОАО "Роял Кредит Банк";783
"РУНЭТБАНК" (ЗАО)";2829
"ООО "Расчетный центр Финансового Дома";3309
"ООО КБ "Центрально-Европейский Банк";2670
"АО "Углеметбанк";2997
"Банк "Таврический" (ОАО)";2304
"ООО КБ "Инстройбанк";2743
"АКБ "ВЕК" (ЗАО)";2299
"Мой Банк. Ипотека" (ОАО)";2436
"АКБ "ЯПЫ КРЕДИ БАНК МОСКВА" (ЗАО)";2555
"ООО КБ "ЭКО-ИНВЕСТ";3116
"КБ "АКРОПОЛЬ" АО";3027
"КБ "Максима" (ООО)";3379
"ПАО АКБ "АВАНГАРД";2879
"ООО РИКБ "Ринвестбанк";3262
"ОАО НДКО "Ричфорд Кредит";3489
"ООО "ПромСервисБанк";1659
"КБ "МЕЖРЕГИОНАЛЬНЫЙ ПОЧТОВЫЙ БАНК" ООО";3171
"ЗАО "НКБ "СЛАВЯНБАНК";804
"ОАО КИБ "ЕВРОАЛЬЯНС";1781
"НКО "Расчетная палата РТС" (ООО)";3335
"КБ "ПРИСКО КАПИТАЛ БАНК";2537
"АМБ Банк" (ПАО)";3036
"ОАО "ТСБ";1250
ТКБ БАНК ПАО;2210
"АО "НК Банк";2755
"АО КБ "РосинтерБанк";226
"АБ "Таатта" ЗАО";1249
"ЗАО "МЕТРОБАНК";2548
"КБ "Байкалкредобанк" (ПАО)";2990
"ОАО "СИАБ";3245
"АКБ "Ноосфера" (ЗАО)";2650
"АО "Тинькофф Банк";2673
"ООО КБ "Обибанк";3185
"АКБ "ЧУВАШКРЕДИТПРОМБАНК" ПАО";1280
"ЗАО "Приполяркомбанк";507
"АКБ "Трансстройбанк" (ЗАО)";2807
"ООО КБ "Профит Банк";3234
"ПАО Банк "АЛЕКСАНДРОВСКИЙ";53
"ЗАО Банк "Советский";558
"РЕГНУМ БАНК" (ООО)";3373
"БАНК ГОРОД" (АО)";2644
"(ЗАО АКБ "Кавказ-Гелиос")";1618
"АКБ "ЧУВАШКРЕДИТПРОМБАНК" ОАО";1280
"ОАО "Социнвестбанк";1132
"НКО "Альтернатива" (ООО)";3452
"ЗАО "ДжиИ Мани Банк";3316
"Банк "Уссури" (АО)";596
"ЗАО "Райффайзенбанк";3292
"АО "ИШБАНК";2867
"Банк Кремлевский" ООО";2905
"ОАО "Флексинвест Банк";3089
"ОАО "Собинбанк";1317
"ЗАО АКБ "Экспресс-кредит";210
"НКО "ИНКАХРАН" (ОАО)";3454
ОАО Новосибирский муниципальный банк;2786
"АО "ИнвестКапиталБанк";2377
"АНКОР БАНК" (АО)";889
"АКБ "Адам Интернэшнл" ОАО.";2232
"ООО КБ "Н-БАНК";3493
"ОАО Банк "ФК Открытие";2209
"ПАО "РГС Банк";3073
"Сетелем Банк" ООО";2168
"АКБ "Ижкомбанк" (ПАО)";646
"АО АКБ "ЦентроКредит";121
"ООО НКО "Рапида";3371
"Интерактивный Банк" (ООО)";3378
"АО Банк "Венец";524
"ОАО РАКБ "МОСКВА";1661
"АКБ "БНКВ" (ЗАО)";2472
"ОАО КБ "СЕВЕРГАЗБАНК";2816
"ООО "УралКапиталБанк";2519
"АБ "АСПЕКТ" (ЗАО)";608
"ЗАО ИКБ "ЕВРОПЕЙСКИЙ";1616
"АКБ "Мосуралбанк" (АО)";2468
"ОАО "И.Д.Е.А. Банк";430
"АКБ "ПЕРЕСВЕТ" (АО)";2110
"ООО НКО "Яндекс.Деньги";3510
"ООО "АБМ Банк";3477
"АО "ГОРБАНК";2982
"ЗАО "Банк "Агророс";2860
ОАО Банк ВТБ;1000
"АО БАНК "Ермак";1809
"ОАО АКБ "Связь-Банк";1470
"СеверСтройБанк" АО";3507
"Муниципальный Камчатпрофитбанк" (АО)";2103
"КБ "МРБ" (ООО)";1059
"ОАО КБ "Спутник";1071
"ЗАО КБ "Мираф-Банк";2244
"АО "РУССТРОЙБАНК";3205
"ЗАО АКБ "ЦентроКредит";121
"НКО "Русское финансовое общество" (ООО)";3427
"АКБ "КОДЕКС" (ОАО)";2746
"ООО НКО "Тор Кредит";3497
"ОАО "ОФК Банк";2270
"АО РНКО "ФБ";3502
"ООО КБ "ТРАСТОВЫЙ БАНК";2780
"АКБ "РУССЛАВБАНК" (ЗАО)";1073
"АКБ "Спурт" (ПАО)";2207
"АО НКО "Сетевая Расчетная Палата";3332
"ПАО "Евразийский банк";969
"ООО "Морган Стэнли Банк";3456
"ПАО "Запсибкомбанк";918
"АКБ "Ланта-Банк" (ЗАО)";1920
"АО "Экономбанк";1319
"НБ "ТРАСТ" (ОАО)";3279
"КБ "Экономикс-Банк" (ООО)";2136
"АО "Промэнергобанк";2728
"АО КБ "МБР-банк";2620
"ООО КБ "ВББ";1342
ЗАО АЖКБ;3050
"Коммерческий Индо Банк" ООО";3446
"БАНК "НЕЙВА" ООО";1293
"ОАО КБ "Ассоциация";732
"АКБ "Абсолют Банк" (ПАО)";2306
"ООО КБ "Пульс Столицы";3002
"ООО КБ "Калуга";1151
"ОАО РАКБ "Донхлеббанк";2285
"БНП ПАРИБА" ЗАО";3407
"Запсибкомбанк" ОАО";918
"ОАО "НИКО-БАНК";702
Айви Банк (ЗАО);2055
"ООО КБ "Алжан";2491
"ЗАО АИКБ "Енисейский объединенный банк";2645
"АКБ "Зеленокумский" (ОАО)";1239
Прио-Внешторгбанк (ОАО);212
"ООО КБ "ТрастКомБанк";2499
"КБ "Банк Развития Технологий" (ЗАО)";3441
"ОАО "НОМОС-БАНК-Сибирь";410
"ОАО "Выборг-банк";720
"ОАО "МИнБ";912
"КБ "Кубанский универсальный банк" (ООО)";2898
"ЗАО комбанк "Арзамас";1281
"ОАО "Меткомбанк";901
"КБ "Сунжа" ООО";2023
"ЗАО "КБ Европлан";3052
"ОАО АРКБ "Росбизнесбанк";1405
"ООО "Инбанк";1829
"ПАО "Норвик Банк";902
"ОАО "Нерюнгрибанк";825
"ОАО Инвестбанк "БЗЛ";1282
"НКО "Премиум" (ООО)";3514
"КБ "КИП-БАНК" (ООО)";2843
"ОАО АКБ "ИТ Банк";2609
"ПАО "Невский банк";1068
"ООО КБ "Сембанк";2606
"ПАО "Бест Эффортс Банк";435
"АО "Россельхозбанк";3349
"ООО "КБИТ "Паритет";1860
"АО "Банк Акцепт";567
"ООО "ТАНДЕМБАНК";1951
"ЗАО КБ "РУСНАРБАНК";3403
"ОАО "БАНК СГБ";2816
ЗАО МС Банк Рус;2789
"ЗАО "ЮМК банк";3495
"ОАО "РФК-банк";3099
"ПАО "НИКО-БАНК";702
"АБ "БРП" (ОАО)";2836
"ОАО КБ "Пойд?м!";2534
"АКБ "НАШ ДОМ" (ЗАО)";3296
"ОАО АКБ "Универсальный кредит";2903
"АО КБ "ИВАНОВО";1763
"АО АКБ "Банкирский Дом";2928
"АО "Зернобанк";2337
"АО  "Европлан Банк";3052
"НКО "21 ВЕК" (ООО)";3309
"ООО КБ "Кредэксбанк";3186
"БУМ-БАНК";1137
"КБ "НАФТАБАНК" ООО";715
"ЗАО АКБ "Констанс-Банк";2228
"ЗАО "Банк ФИНАМ";2799
"ОАО АКБ "Смолевич";1121
"ОАО "Геленджик-Банк";790
"ПАО "ИнтехБанк";2705
"АО КБ "ИС Банк";3175
"АО "Гринфилдбанк";2711
"ТКБ" (ЗАО)";2210
"ОАО Банк "Петрокоммерц";1776
"ОАО АКБ "АКТИВ БАНК";2529
"ОАО Банк "Западный";2598
"ОАО "УБРиР";429
"ЗАО КБ "КЕДР";1574
"ООО КБ "Регионфинансбанк";3357
"ОАО "МТС-Банк";2268
"ПАО КБ "Верхневолжский";1084
"АКБ "Мастер-Капитал" (ОАО)";3011
"АО "КБ ДельтаКредит";3338
"ПАО КБ "ТЭСТ";3440
"ОАО АКБ "РУССОБАНК";2313
"АО АКБ "ЕВРОФИНАНС МОСНАРБАНК";2402
"ОАО "СЕВЗАПИНВЕСТПРОМБАНК";2152
"ОАО "ДНБ Банк";1276
"ОАО АКБ "Приморье";3001
"ПАО "Татфондбанк";3058
"ОАО "Аделантбанк";1835
"ООО "М плюс";3282
"ОАО КБ "Краскомбанк";1087
"КБ "Ренессанс Капитал" (ООО)";3354
"ОАО "БыстроБанк";1745
"ЗАО "БСЖВ";2295
"ОАО "БАНК РОССИЙСКИЙ КРЕДИТ";324
"ПАО КБ "УБРиР";429
"Специнвестбанк" (ООО)";2842
"Банк "Северный кредит" (ОАО)";2398
"ОАО "Банк "Екатеринбург";3161
"ЗАО АКБ "Тексбанк";2756
Банк НКЦ (АО);3466
"ЗАО НКО "Частный РКЦ";3420
"КБ "ЕДИНСТВЕННЫЙ" (ООО)";3187
"ПАО "АК БАРС" БАНК";2590
"ОАО АКБ "РФА";2035
"АКБ "ИнтрастБанк" (ОАО)";3144
"АКБ "Надежный банк" (ОАО)";149
"ПАО Комбанк "Химик";1114
"ООО КБ "Банк Расчетов и Сбережений";2617
"КБ "ГЕНБАНК" (ООО)";2490
"АКБ "ИРС" (АО)";272
"ООО КБСИ "Стройиндбанк";155
"ОАО "Липецкоблбанк";1794
"АБ "ИНТЕРПРОГРЕССБАНК" (ЗАО)";600
"ООО "Банк РБ";1910
"АО АКБ "НОВИКОМБАНК";2546
"НОТА-Банк" (ОАО)";2913
ОКЕАН БАНК (АО);1697
"ООО КБ "МЕЖТРАСТБАНК";2493
"ОАО АКБ "Стелла-Банк";2948
"ПАО "РОСБАНК";2272
"ОАО "ТрансКредитБанк";2142
"ПАО "Ханты-Мансийский банк Открытие";1971
"АЛОР БАНК" (ОАО)";435
"ИНРЕСБАНК" ООО";2571
"АО "РФИ БАНК";3351
"АО "Меткомбанк";901
"Банк "Навигатор" (ОАО)";2469
"АКБ "Кросна-банк" (ОАО)";2607
"(ООО) КБ "НЕОПОЛИС-БАНК";2809
"ОАО КБ "ТЭСТ";3440
"КБ "ПСИБ" (ООО)";2761
"ООО МИБ "ДАЛЕНА";1948
"ЗАО "ЭКСИ-Банк";2530
"ООО КБ "ПРОМИНВЕСТРАСЧЕТ";2655
"ОАО КБ "Донбанк";2984
"ОАО АКБ "Капиталбанк";2547
"ОАО Банк "ОТКРЫТИЕ";2179
ОАО Банк ЗЕНИТ;3255
"АКБ "СТРАТЕГИЯ" (ОАО)";2801
"ООО "ТАТАГРОПРОМБАНК";728
"РНКО "ИРЦ" ЗАО";3447
"ЗАО КБ "Наратбанк";1902
"ОАО "Уралфинпромбанк";3119
"ПАО "АК Банк";3006
"Королевский Банк Шотландии" ЗАО";2594
"Банк "Возрождение" (ПАО)";1439
"ЗАО "Нефтепромбанк";2156
"КБ "СИСТЕМА" ООО";2846
"ООО "ПотенциалБанк";1019
"ЗАО "Данске банк";3307
"ОАО "Вербанк";2374
Банк СКТ (ОАО);435
"КБ "Гаранти Банк - Москва" (АО)";3275
"ЗАО КБ "Златкомбанк";568
К2 Банк (АО);2851
"АО "Банк ФИНАМ";2799
"ОАО "Башпромбанк";1006
"АКБ "ВЕК" (АО)";2299
"ООО КБ "Инвест-Экобанк";1956
"ООО КБ "АУЭРБАНК";3105
"СПОРТИНВЕСТБАНК" ООО";1003
"ООО "НОВОКИБ";1747
"ЗАО НГАБ "Ермак";1809
"ОАО "Лето Банк";650
"ООО "Витас Банк";1955
"ООО КБ "КАМЧАТКА";2966
"ПАО Банк "Кузнецкий";609
ЗАО ЮниКредит Банк;1
"ОАО КБ "Региональный кредит";1927
"РНКО "ФРЦ" АО";3319
"ЗАО КБ "МБР-банк";2620
"ОАО КБ "РЕГИОНАЛЬНЫЙ КРЕДИТНЫЙ БАНК";1608
"ООО РНКО "РИБ";2749
"АКБ "ГАЛАБАНК" ЗАО";3090
"АКБ "Зернобанк" (ЗАО)";2337
"КБ "Финансовый стандарт" (ООО)";1053
"АБ "Девон-Кредит" (ОАО)";1972
"КБ "Международный строительный банк" (ООО)";3484
"Банк "Левобережный" (ОАО)";1343
"ЗАО АКБ "ГАЗБАНК";2316
"АКБ "ЕИБ" ЗАО";2503
"АБ "АСПЕКТ" (АО)";608
"ОАО КБ "ВВНБ";3033
"Банк "ВРБ Москва" (ООО)";3499
"ООО КБ "Хелленик Банк";3493
"АКБ "ЕВРОМЕТ" (ПАО)";2902
"КБ "Москоммерцбанк" (АО)";3365
"КБ "КРК" (ОАО)";3385
"АКБ "Трансстройбанк" (АО)";2807
"Банк "АББ" (ОАО)";2937
"КБ "Первый Экспресс" (ОАО)";3237
"ЗАО "Холмсккомбанк";503
"ООО КБ "МК Банк";3370
"ООО КБ "СТРОМКОМБАНК";404
"ПАО КБ "Сельмашбанк";106
"Объединенный банк Республики" (ООО)";1016
"АКБ "ЯПЫ КРЕДИ БАНК МОСКВА" (АО)";2555
"ОАО Банк "Объединенный капитал";2611
"АКБ "БАНК КИТАЯ (ЭЛОС)";2309
"ЗАО АКИБ "Почтобанк";1788
"ПАО "ОФК Банк";2270
"АО "Вэлтон Банк";1105
"АО "ГЛОБЭКСБАНК";1942
СБ Банк (ООО);2999
"АИБ "Имбанк" (ОАО)";2098
"ЗАО "КБ ОТКРЫТИЕ";2179
"АО КБ "Соколовский";2830
"АКБ "ТКПБ" (ОАО);1312
"ЗАО КБ "Росинтербанк";226
"АКБ "ЕВРОМЕТ" (ОАО)";2902
"АКБ "ИНКАРОБАНК" (ЗАО)";2696
"ООО "Вестинтербанк";3398
"ОАО "АИКБ "Татфондбанк";3058
"КБ "АКРОПОЛЬ" ЗАО";3027
"КБ "Уссури" ОАО";596
"Кизилюртовская РНКО "Сулак" ООО";749
"НКО "Континент Финанс" (ПАО)";149
"ООО "Ю Би Эс Банк";3463
"АКБ "Ярзембанк" (ЗАО)";1415
"АКБ "ИНТЕРКООПБАНК" (ПАО)";2803
"ПАО "ЧЕЛЯБИНВЕСТБАНК";493
"КБ "Унифин" АО";2654
"ОАО Банк "Аскольд";2480
ПАО МОСОБЛБАНК;1751
"КБ "МКБ" (ПАО)";2524
"АКБ "Инвестторгбанк" (ОАО)";2763
НКО Красноярский Краевой Расчетный Центр ООО;3483
"ПАО УКБ "Белгородсоцбанк";760
"АБ "Девон-Кредит" (ПАО)";1972
"ОАО "ГУТА-БАНК";256
"ООО КБ "ФПК";3295
"РНКО "РЦ ЭНЕРГОБИЗНЕС" (ООО)";3485
"СеверСтройБанк" ОАО";3507
"ОАО "Тагилбанк";1635
"ООО КБ "Алтайкапиталбанк";2659
"КБ "БМБ" (ООО)";2992
"ООО КБ "СИНКО-БАНК";2838
"ООО КБ "Анелик РУ";3443
"ПАО КБ "МПСБ";752
"АО "Нерюнгрибанк";825
ОАО ВКАБАНК;1027
"ПАО "МЕТКОМБАНК";2443
"ЗАО "СНГБ";588
"(ЗАО АКБ "РОСТРАБАНК")";1684
"ООО Коммерческий Банк "ХИМЭКСИМБАНК";3183
"АО "Интеррасчет" РНКО";1618
"АО АИКБ "Енисейский объединенный банк";2645
"Банк "Первомайский" (ПАО)";518
"ОАО "Тверьуниверсалбанк";777
"ОАО "АФ Банк";991
"ПАО "ИДЕЯ Банк";430
"АО АКБ "ГАЗБАНК";2316
"НКО "КредитАльянс" (ООО)";3472
"ООО КБ "Первый депозитный";1244
"НКО "Расчетная палата РТС" (ЗАО)";3335
"КБ "Арсенал" ООО";3000
"ОАО КБ "АГРОПРОМКРЕДИТ";2880
"ООО "Владпромбанк";870
"АО КБ "НИБ";2876
"ОАО БАНК "РОСТ";2589
"ЗАО КБ "ТЕТРАПОЛИС";1586
"КБ "КБР БАНК" (ООО)";3364
"ОАО КБ "Акцепт";567
Сталь Банк (ООО);2248
"НКО "МОНЕТА.РУ" (ООО)";3508
"НКО "ИНКАХРАН" (АО)";3454
"РНКО "Платежный Центр" (ООО)";3166
Связной Банк (ЗАО);1961
"НАЦКОРПБАНК" (АО)";3422
"КБ "ДС-БАНК" (ООО)";3439
"ООО "Банк РСИ";3415
"Банк "Северный Кредит" (ОАО)";2398
"АО АБ "Капитал";575
"АКБ "Ижкомбанк" (ОАО)";646
"КБ "БРТ" (АО)";3441
"КБ "Экономический Союз" ООО";2798
"АКБ "Заречье" (ОАО)";817
"АКБ  "Онлайн Банк" (ЗАО)";2462
"АКБ "1-й Процессинговый" (ЗАО)";2241
"ООО КБ "МВС Банк";2407
"ООО "НРК";3386
"ОАО "МОСКЛИРИНГЦЕНТР";3314
"АО "Булгар банк";1917
НКО АО ПРЦ;3306
"ОАО "АБ Финанс Банк";514
"ПАО АКБ "РОСБАНК";2272
"АО "РН Банк";170
"ПАО "БИНБАНК";2562
"ООО КБ "Транспортный";3174
"ПАО "Банк Екатерининский";2167
"Конгресс-Банк" ОАО";2330
"АО "РУНЭТБАНК";2829
"ООО "Камкомбанк";438
"АО "БИНБАНК кредитные карты";2827
"ООО КБ "Алмаз-Инвест-Банк";2881
"ООО КБ "ЯР-Банк";3185
"ОАО "НДБ";2374
"Инвестиционный Банк "ВЕСТА" (ООО)";2368
"ПАО АКБ "Металлинвестбанк";2440
"ОИКБ "Русь" (ООО)";704
"АКБ "НРБанк" (АО)";2170
"ООО Банк "Саратов";330
"КБ "Рублевский" ООО";2192
"ОАО АКБ "ИРОНБАНК";1724
"ООО КБ "ДОРИС БАНК";1679
"АО "БИНБАНК Мурманск";1276
"ОАО "МСП Банк";3340
"ЗАО НКО "Сетевая Расчетная Палата";3332
"ОАО "АКИБАНК";2587
"НКО "Евроинвест" (ООО)";3383
"ООО "Чайна Констракшн Банк";3515
"ОАО АКБ "Урал ФД";249
"ПАО КБ "КЕДР";1574
"АйСиАйСиАй Банк Евразия" (ООО)";3329
"ОАО АК "БайкалБанк";2632
Банк НФК (АО);3437
"ОАО "МЕТКОМБАНК";2443
"ООО КБ "ОГНИ МОСКВЫ";2328
"АКБ "АлтайБизнес-Банк" (ОАО)";2388
"МИ-БАНК" (ОАО)";2742
"ОАО КБ "Стройкредит";18
"КБ "Унифин" ЗАО";2654
"НКО "ЭПС" (ООО)";3509
"ЗАО КБ "Гагаринский";606
"ОАО "АК БАРС" БАНК";2590
"АКБ "Инвестбанк" (ОАО)";107
"ООО "КГБ-БК";1910
"АКБ "ПЕРВЫЙ ИНВЕСТИЦИОННЫЙ" (ЗАО)";604
"ЗАО АКБ "Турбобанк";3203
"АО "ОРБАНК";937
"АКБ "ПЕРЕСВЕТ" (ЗАО)";2110
"ОАО КБ "Мосводоканалбанк";2863
Ставропольпромстройбанк - ОАО;1288
"ЗАО КБ "ИНКРЕДБАНК";3405
"ПАО "МТС-Банк";2268
"ПАО "Спиритбанк";2053
"КБ "ЮНИАСТРУМ БАНК" (ООО)";2771
"ОАО КБ "Верхневолжский";1084
"ОАО "РосБР";3340
ТКБ ОАО;2210
"АО БАНК "ТГБ";3180
"ООО КБ "Каспий";639
"ЗАО "Промсбербанк";1043
"РФИ БАНК" ЗАО";3351
"ОАО "СКБ-банк";705
"АО "Тольяттихимбанк";2507
"АКБ "Спурт" (ОАО)";2207
"ООО "Спартак-Банк";3398
"Натиксис Банк АО";3390
"АКБ "ТЕНДЕР-БАНК" (ЗАО)";2252
"ООО "ЕВРОКОМБАНК";531
"ОАО "НБК-Банк";3283
"АКБ "РОСЕВРОБАНК" (ОАО)";3137
"АКБ "РОССИЙСКИЙ КАПИТАЛ" (ПАО)";2312
"ЗАО КБ "ИС Банк";3175
"ЗАО ПТКБ "МЕРКУРИЙ";142
"АКБ "Форштадт" (ЗАО)";2208
"ЗАО "АМИ-БАНК";2270
"АО КБ "АГРОПРОМКРЕДИТ";2880
"БАНК "СОФРИНО" (ЗАО)";2972
"ОАО АКБ "АВАНГАРД";2879
"ООО КБ "Новопокровский";467
"АКБ "НАЦКОРПБАНК" ОАО";3422
ООО Банк Оранжевый;1659
"ПАО "Дальневосточный банк";843
ВТБ 24 (ПАО);1623
"ЗАО "ИБК";3339
"КБ "Транснациональный банк" (ООО)";2108
"АКБ "АКТИВ БАНК" (ПАО)";2529
"АККСБ "КС БАНК" (ПАО)";1752
АО Банк ЗЕНИТ Сочи;232
"ОАО "АК Банк";3006
"ОАО АКБ "Новация";840
"ПАО "Донхлеббанк";2285
"АКБ "СЕРВИС-РЕЗЕРВ" БАНК (ЗАО)";2034
"ПАО "Витабанк";356
"ООО КБ "Уралфинанс";1370
"ОАО НКО "Тульский Расчетный Центр";3380
"ООО "банк Раунд";2506
"АО КБ "Флора-Москва";533
"АКБ "МФТ-Банк" (ОАО)";3356
"АКБ "ИСТ БРИДЖ БАНК" (ЗАО)";2938
"ООО "Дойче Банк";3328
"ООО КБ "Дружба";990
КИВИ Банк (АО);2241
"КБ "УНИВЕРСАЛТРАСТ" (ООО)";3402
"ООО КБ "Аксонбанк";680
"АКБ "ФИНПРОМБАНК" (ОАО)";2157
"Азиатско-Тихоокеанский Банк" (ПАО)";1810
"КБ "МКБ" (ОАО)";2524
"ПАО БАНК "СИАБ";3245
"ОАО НКБ "РАДИОТЕХБАНК";1166
"ООО КБ "ПРАДО-БАНК";3378
"АО АКИБ "Почтобанк";1788
"АКБ "Русский Трастовый Банк" (АО)";1139
"АКБ "Проинвестбанк" (ПАО)";784
"АО "Райффайзенбанк";3292
"ПАО АКБ "Связь-Банк";1470
"ООО "Атлас Банк";3477
АКБ НМБ ОАО;2865
"(ОАО "Кавказпромстройбанк")";1614
"ООО КБ "Жилкредит";1736
ЗАО Банк ЗЕНИТ Сочи;232
"АО "Рускобанк";138
"ОАО КБ "МПСБ";752
"ПАО "Аделантбанк";1835
"НКО "Инвестприват" (ООО)";3487
"АКБ "ДАЛЕТБАНК" (ЗАО)";3049
"ООО КБ "Монолит";1967
"ООО НКО "УЭК";3524
"ООО КБ "Ренессанс";1939
"АКБ "Кузбассхимбанк" (ОАО)";2868
"ЗАО "БДК";3391
"ООО "ЕВРАЗБАНК";1676
"ООО "Сиббизнесбанк";2539
"ЗАО "РКБ";836
"ОАО "Спиритбанк";2053
"АО КБ "РУБЛЕВ";3098
"ЗАО "Экономбанк";1319
"АКБ "КРОССИНВЕСТБАНК" (ОАО)";2849
"ОАО БАНК "МОСКВА-СИТИ";3247
"АКБ "АПАБАНК" (ЗАО)";2404
"ОАО "МБСП";197
"ООО КБ "Национальный стандарт";3421
"ПАО "Камчаткомагропромбанк";545
"ОАО Банк "СОДРУЖЕСТВО";2923
"АКБ "НБВК" (ЗАО)";3214
"КБ "Техноком" (ЗАО)";2614
"АКБ "НАШ ДОМ" (АО)";3296
"ООО "Плато-банк";2071
"ОАО "Русь-Банк";3073
"АБ "Регион" (ОАО)";233
"Банк "Первомайский" (ЗАО)";518
"ЗАО "Вэлкомбанк";589
"АО "МАЙКОПБАНК";1136
"АКБ "Тройка" (ОАО)";2051
ВТБ 24 (ЗАО);1623
"ОАО КБ "РусьРегионБанк";685
"ООО "КБ "Стройкредит-Казань";3449
"ЗАО АКИБ "ЦЕРИХ";2627
"ООО "Русфинанс Банк";1792
"ООО КБ "Развитие";2729
АО Банк Инноваций и Развития;2647
"ОАО "ФОНДСЕРВИСБАНК";2989
"ЗЕРБАНК (МОСКВА)" (АО)";2559
"ЗАО "Владбизнесбанк";903
"ЗАО АКБ "ГОРБАНК";2982
"КБ "Совинком" ООО";2302
"ОАО "МАКСВЕЛЛ БАНК";625
"АО КБ "ФорБанк";2063
"АБ "БПФ" (ЗАО)";1677
"ООО КБ "Нэклис-Банк";1671
"АО Банк "ТКПБ";1312
"ЗАО "ГЛОБЭКСБАНК";1942
"ОАО КБ "РусЮгбанк";2093
"ПАО АРКБ "Росбизнесбанк";1405
"ООО Охабанк";1143
"ООО "Банк "Майский";1673
"КБ "БФГ-Кредит" (ООО)";3068
Таурус Банк (ЗАО);655
"АКБ "Легион" (ЗАО)";3117
"ОАО "Томскпромстройбанк";1720
"НКБ "Нерюнгрибанк" (ООО)";825
"КБ "ЛОКО-Банк" (АО)";2707
"ОАО "Тихоокеанский Внешторгбанк";1378
"КБ "МСБ" (ООО)";3484
"Банк "Снежинский" ПАО";1376
"ЗАО УКБ "Белгородсоцбанк";760
"ИКБ "Энтузиастбанк" ООО";3048
"АО "КОШЕЛЕВ-БАНК";3300
"АО "Банк Интеза";2216
"ЗАО "СтарБанк";548
"ОАО "Евразийский банк";969
"ООО КБ "Мегаполис";3265
"АКБ "МИРЪ" (ОАО)";3089
"МКБ "ОДИНБАНК" (ООО)";3197
"ООО "ВСБ";2428
"ОАО "Международный торгово-промышленный банк";1203
НОРВИК БАНК (ОАО);1407
"ОАО "Городской Ипотечный Банк";1627
"ОАО "РГС Банк";3073
ОКЕАН БАНК (ЗАО);1697
"НКО "Первый земельный РЦ" (ООО)";3381
"Банк "ТРАСТ" (ПАО)";3279
"ОАО "НАРОДНЫЙ ЗЕМЕЛЬНО-ПРОМЫШЛЕННЫЙ БАНК";2873
"НКО РКЦ "БИТ" (ОАО)";3318
"ЗАО "ИК Банк";1732
"ОАО "СИББИЗНЕСБАНК";2539
"ООО КБ "ОПМ-Банк";2734
"ОАО КБ "ЕвроситиБанк";1869
"ЗАО НДКО "ЖМС";3458
"Банк "ЦЕРИХ" (ЗАО)";3278
"АО НКО "Расчетный Финансовый Дом";3430
"ПАО АКБ "Балтика";967
"АКБ "СОЮЗ" (ОАО)";2307
"АКБ "ОБПИ" (ОАО)";2626
"ОАО "ИнвестКапиталБанк";2377
БАНК РСБ 24 (АО);1073
"ООО КБ "Агросоюз";1459
"ОАО АКБ "ТГБ";3180
"ПАО "Банк БФА";3038
"ПАО "Межтопэнергобанк";2956
"ОАО "Невский банк";1068
"ОАО "Омск-Банк";1189
"ПАО "МДМ Банк";323
"ООО КБ "Декабанк";3104
"ОАО ПК "ЭЛКАБАНК";3006
"РГТ-Банк" (ЗАО)";2747
"АКБ "МБРР" (ОАО)";2268
"ОАО "Крайинвестбанк";3360
"АО "РФК-банк";3099
"ФИНАРС Банк" (ЗАО)";2938
"ОАО МКБ "ДОМ-БАНК";3209
"АКБ "НРБанк" (ОАО)";2170
"ООО "ПроКоммерцБанк";2996
"АКИБ "ОБРАЗОВАНИЕ" (ЗАО)";1521
"ПАО КБ "ВАКОБАНК";1291
"ОАО "РОСТ БАНК";2888
"ООО КБ "Камский горизонт";2554
"ЗАО "С банк";2581
"ЗАО "Денизбанк Москва";3330
"ОАО комбанк "Окский";1118
"ОАО "Сбербанк России";1481
"КБ "ДС-Банк" (ООО)";3439
"ОАО АКБ "Донактивбанк";3120
"Банк "Солидарность" АО";1555
АО МС Банк Рус;2789
ООО Банк ЗЕНИТ Сочи;232
"АО "ФИА-БАНК";2542
"ОАО Комбанк "Химик";1114
"ООО КБ "Расчетный Дом";3350
"ОАО КБ "Соколовский";2830
"ЗАО АКБ "Кара Алтын";2070
"ПАО "БИНБАНК Тверь";777
"ПАО "Тайм Банк";3120
"ЗАО "МБ Банк";3396
"ЗАО АКБ "РУНА-БАНК";3207
"КБ "РТБК" (ООО)";2842
"ОАО "Тайм Банк";3120
"ООО НКО "Вологда-Кредит";3419
"КБ "РТС-Банк" (ЗАО)";3401
"ОАО "НОМОС-РЕГИОБАНК";539
"ПАО "СЭБ Банк";3235
Санкт-Петербургский банк инвестиций (ЗАО);3468
"КБ "БНП Париба Восток" ООО";2168
"КБ "РЭБ" (АО)";2211
"ПАО КБ "ПФС-БАНК";2410
"ПАО "Первобанк";3461
"АО НКО "МОСКЛИРИНГЦЕНТР";3314
"ООО КБ "ФИНТРАСТБАНК";3104
"РНКО "ИРЦ" АО";3447
"ЗАО АКБ "Земский банк";2900
"КБ "Международный Банк Развития" (АО)";2704
"ОАО "Энергомашбанк";52
"АО "Европлан Банк";3052
Дрезднер Банк ЗАО;2455
"ООО НКО "ПэйПал РУ";3517
"Банк "Прайм Финанс" (ОАО)";2758
Банк ВТБ (ПАО);1000
"КБ "Крокус-Банк" (ООО)";2682
"АКБ "ОБПИ" (ПАО)";2626
"ОАО "СТБ";2797
"КБ "ЛОКО-Банк" (ЗАО)";2707
"АО "Банк Воронеж";654
"КБ "Альта-Банк" (ЗАО)";2269
"ООО "Голдман Сакс Банк";3490
"КБ "Природа" (ООО)";3399
"АКБ "Сибирский Энергетический Банк" (ЗАО)";2604
"АПБ "Солидарность" (ЗАО)";1555
"ООО КБ "РостФинанс";481
"АКБ "ЕНИСЕЙ" (ПАО)";474
"АО Банк "Национальный стандарт";3421
"ОАО "БИНБАНК";2562
"ОАО "ПРБ";1730
"АО "СтарБанк";548
"ПАО "БАНК УРАЛСИБ";2275
"ОАО "Банк Премьер Кредит";1663
"ООО КБ "Альба Альянс";2593
АО ВКАБАНК;1027
"ЗАО "КОШЕЛЕВ-БАНК";3300
"КБ "КБЦ" /ООО/";914
"ООО КБ "Кредит Экспресс";3186
"АО "БАЛАКОВО-БАНК";444
"АКБ "Абсолют Банк" (ЗАО)";2306
"ОАО "ПСКБ";2551
"ОАО Банк "ККБ";1087
"КБ "НС Банк" (ЗАО)";3124
"АО "Банк Финсервис";3388
Банк - Т (ОАО);625
"ООО КБ "Банк БФТ";2273
"КБ "МАК-банк" (ООО)";1088
"АО "Заубер Банк";1614
"ОАО "НББ";2795
"АКБ "ЭНО" (ПАО)";1988
"ПАО "Банк "Екатеринбург";3161
"АО АКБ "Стелла-Банк";2948
"НОМОС-БАНК" (ОАО)";2209
"АО "ВОКБАНК";312
Креди Агриколь КИБ АО;1680
"АО "Солид Банк";1329
"КБ "Кредитимпэкс Банк" (ООО)";2037
"АКБ "Новый Кредитный Союз" (АО)";3139
"НКО "Ассигнация" ООО";865
"АО "ПроБанк";2471
"КБ "Нацинвестпромбанк" (ЗАО)";3077
"АО "ГЕНБАНК";2490
"ООО "АвтоКредитБанк";1973
"КБ "ЕВРОСТАНДАРТ" (ООО)";3200
"АО "ТУСАРБАНК";2712
"АО КБ "Хлынов";254
"РНКО "РБЦ" (ООО)";3487
"КБ "МГБ" ООО";2866
"ООО "ТРАНСЭНЕРГОБАНК";3106
"ООО комбанк "Богородский";1277
"АО "НС Банк";3124
"НКО "ОРС" (АО)";3342
"КБ "Русский ипотечный банк" (ООО)";1968
"ЗАО "Гринкомбанк";1184
"ООО КБ "Эл банк";1025
"ООО "НОВЫЙ КОММЕРЧЕСКИЙ БАНК";347
"ООО КБ "Стар Альянс";3433
Банк Экономический Союз (ОАО);2798
"ЗАО КБ "ЛАДА-КРЕДИТ";2668
"Миллениум Банк" (ЗАО)";3423
Связной Банк (АО);1961
"ПАО "Башпромбанк";1006
"ОАО "РосДорБанк";1573
"КБ "Анталбанк" ООО";3115
"Объединенный национальный банк" (ООО)";2074
"АКБ "Кузбассхимбанк" (ПАО)";2868
"ООО КБ "КРЕДО ФИНАНС";793
Азия-Инвест Банк (ЗАО);3303
"ОАО КБ "Восточный";1460
"ОАО КБ "Солидарность";554
АО ЮниКредит Банк;1
"ОАО "Банк Финсервис";3388
"ОАО КБ "МВКБ";2863
ПАО РОСБАНК;2272
"МКИБ "РОССИТА-БАНК" ООО";3257
"ООО "Банк ПСА Финанс РУС";3481
"ООО "ЛидБанк";3471
"ООО КБ "Кредитинвест";1197
"ОАО "Сведбанк";3064
"ПАО АКБ "1Банк";2896
"ПАО КБ "РусьРегионБанк";685
"Банк "Возрождение" (ОАО)";1439
"Банк "Новый Символ" (ЗАО)";370
"ООО КБ "АйМаниБанк";1975
"АКБ "Крыловский" (ОАО)";456
ПАО АГРОИНКОМБАНК;1946
"КБ "ВЕБРР" (ООО)";3418
"АО "Мираф-Банк";2244
"ПАО "Томскпромстройбанк";1720
Банк ИПБ (АО);600
"АО КБ "ИНТЕРПРОМБАНК";3266
"ОАО КБ "Агроимпульс";514
"ОАО "Белгородпромстройбанк";1816
"ООО КБ "КОЛЬЦО УРАЛА";65
"ПАО "Донкомбанк";492
"АО "Нефтепромбанк";2156
"ЗАО "Банк "Вологжанин";1896
"ЗАО "КРЕДИТ ЕВРОПА БАНК";3311
"АКБ "ЛИНК-банк" (ОАО)";2699
"ЗАО "Восточный ипотечный банк";3052
"АО комбанк "Арзамас";1281
"ОАО РНКО "ФБ";3502
ЗАО ЦРП;3313
"ПАО "Выборг-банк";720
"ПАО "БИНБАНК Смоленск";1957
"ОАО "МОСКОМБАНК";3172
"КБ "ЭНЕРГОПРОМБАНК" (ООО)";2248
"ООО "Промсельхозбанк";538
"АКБ "Балтийский Банк Развития" (ЗАО)";2929
Банк СОЮЗ (АО);2307
"ОАО "ВБРР";3287
"Тимер Банк" (ПАО)";1581
"ПАО "Плюс Банк";1189
"НКО "Зеленокумская" АО";1239
"ЗАО АИКБ "ЗЕНИТ БИЗНЕС БАНК";3278
"ОАО АКБ "ЮГРА";880
"КБ "ЭКСПРЕСС-ТУЛА" (ОАО)";3237
"КУБ" ОАО";2584
"ЗАО "КБ ДельтаКредит";3338
"ООО "Земский банк";2900
"АКБ "Энергобанк" (ОАО)";67
"ОАО КБ "Жилстройбанк";2769
ПАО М2М Прайвет Банк;1414
Таурус Банк (АО);655
"АО "Гранд Инвест Банк";3053
"ОАО КБ "МАСТ-Банк";3267
ИНГ БАНК (ЕВРАЗИЯ) АО;2495
"АКБ "БТА-Казань" (ОАО)";1581
"АКБ "ТПБК" (Москва) (ЗАО)";3475
"ЗАО "Тойота Банк";3470
"ЗАО "Булгар банк";1917
"Банк24.ру" (ОАО)";2227
"АО Банк "ПСКБ";2551
"АО "Кросна-Банк";2607
"ООО "УИК-БАНК";1300
"РНКО "Базис-Центр" ЗАО";3319
"ООО "АТБ" Банк";2776
"ЗАО Банк "Венец";524
"КБ "Старый Кремль" (ООО)";2657
"ООО КБ "РБС";3367
"АО "Сити Инвест Банк";3194
"ООО "ПК-Банк";2652
"ООО "ИПОЗЕМбанк";3026
"АКБ "РосЕвроБанк" (ОАО)";3137
"ООО КБ "ДАГБИЗНЕСБАНК";2862
"КБ "МИА" (АО)";3344
"ОАО АКБ "ЭЛЬБИН";2267
"АО "АКБ "КОР";2148
"АКБ "ЕНИСЕЙ" (ОАО)";474
"АКБ "Тольяттихимбанк" (ЗАО)";2507
"ЗАО "Автоградбанк";1455
Центркомбанк ООО;2983
"АО "Тагилбанк";1635
"КБ "Ренессанс Кредит" (ООО)";3354
"ОАО "Газэнергобанк";3252
"АО "Тойота Банк";3470
"ООО "МГМБ";3192
"ЗАО "ТУСАРБАНК";2712
КБ МКБ (ООО);2543
"ОАО "БКС Банк";101
"ЗАО "Кубаньторгбанк";478
"Братский АНКБ" ОАО";1144
"ОАО "НВКбанк";931
"ООО КБ "Сургутский Центральный";684
"АО КБ "ТЕТРАПОЛИС";1586
"ЗАО "Сити Инвест Банк";3194
"ЗАО "Вэлтон Банк";1105
"ОАО "ЮГ-Инвестбанк";2772
"АКБ "ФОРА-БАНК" (АО)";1885
"ООО КБ "НР Банк";3359
"ЗЕРБАНК (Москва)" (ЗАО)";2559
"БНП ПАРИБА БАНК" АО";3407
"ОАО "НК Банк";2755
"КБ "НЕФТЯНОЙ АЛЬЯНС" (ПАО)";2859
"ОАО КБ "ПФС-БАНК";2410
"РеКорБанк" (ООО)";1134
КБ СССБ (ООО);3062
"ПАО НКБ "РАДИОТЕХБАНК";1166
"АКБ "СЛАВЯНСКИЙ БАНК" (ЗАО)";383
"АКБ "КЭБ" (ЗАО)";3298
"ООО "НКО "Вестерн Юнион ДП Восток";2726
"ПАО "Курскпромбанк";735
"АО "ТРОЙКА-Д БАНК";3431
"ОАО АКБ "РБР";2782
"АО "ТАТСОЦБАНК";480
"ПАО КБ "САММИТ БАНК";85
"ОАО "ЕВРОСИБ БАНК";594
"ОАО "ДнБ НОР Мончебанк";1276
"БАНК "МНХБ" ПАО";1411
"ООО "Городской Ипотечный Банк";1627
"ООО ПЧРБ";3291
"ОАО "МНХБ";1411
"ОАО "Кредпромбанк";1165
"ООО "Идеалбанк";3491
"ОАО АБ "Кузнецкбизнесбанк";1158
"АКБ "Держава" ПАО";2738
"ООО КБ "РОСАВТОБАНК";2767
"АКБ "Держава" ОАО";2738
"КБ "Гагаринский" (АО)";606
"ОАО АКБ "РОСБАНК";2272
БАНК ИТБ (АО);3128
"ООО КБ "Международный расчетный банк";3028
"ЗАО "ИШБАНК";2867
"НКО "ЮТИКПЭЙ" (ООО)";3521
"ПАО КБ "ЕвроситиБанк";1869
"ООО КБ "Кетовский";842
ПВ-Банк (ЗАО);634
"ЗАО КБ "УРАЛЛИГА";1626
"АО Банк "Развитие-Столица";3013
"КБ "РИАЛ-КРЕДИТ" (ООО)";3393
"ООО КБ "ФДБ";3071
"Банк "Кузнецкий мост" ОАО";2254
АО БАНК МПБ;2646
"АО "Арксбанк";1868
"КБ "ВЕГА-БАНК" (ООО)";3270
"ЗАО НКО РКЦ "КЛИРИНГОВЫЙ ДОМ";3430
"АО "Вологдабанк";992
"ЗАО "ДАЛТА-БАНК";142
ОАО ХАНТЫ-МАНСИЙСКИЙ БАНК;1971
"ОАО АКБ "АДАМОН БАНК";2896
"Банк "АББ" (АО)";2937
"Мой Банк. Новосибирск" (ОАО)";2787
"ООО Банк "СКИБ";3329
"ООО РНКО "Майма";1037
ОАО АГРОИНКОМБАНК;1946
АКБ МОСОБЛБАНК ОАО;1751
"ОАО "АКБ "КОР";2148
"ООО КБ "ВНЕШФИНБАНК";3173
"ПАО АКБ "РФА";2035
"ИКБ "ОЛМА-Банк" (ООО)";3250
"ООО "Икано Банк";3519
"КБ "АКЭФ-БАНК" (ООО)";3439
"Банк "СИБЭС" (АО)";208
"НКО "СПРП" (ООО)";384
"КБ "Кубань Кредит" ООО";2518
"ООО КБ "ЭРГОБАНК";2856
ОАО ЕАТПБанк;1765
"Банк "Клиентский" (АО)";2324
"ПАО "ЧЕЛИНДБАНК";485
"ОАО "Северинвестбанк";2264
"ОАО Банк "Онего";2484
"ОАО Банк "Народный кредит";2401
"ОАО "МКБ "СИБЭС";208
"Банк "Вятич" (ПАО)";2796
НКО ЗАО НРД;3294
"Северный Народный Банк" (ПАО)";2721
"ОАО "АНДЖИБАНК";570
"ОАО "Первобанк";3461
"ООО КБ "Холдинвестбанк";2837
"ООО "МКБ им. С. ЖИВАГО";2065
"ПАО "Банк Премьер Кредит";1663
КИВИ Банк (ЗАО);2241
"ООО "Дагэнергобанк";3286
"АО КБ "ЮНИСТРИМ";3467
"ООО "ЭСИДБАНК";1991
"АО АКБ "РУССОБАНК";2313
"АКБ "БРР" (ОАО)";3315
"ОАО БАНК "МБФИ";2073
Айви Банк (АО);2055
"ЗАО "НОМОС-БАНК-Сибирь";410
"АКБ "НБВК" (АО)";3214
"ООО "ФФИН Банк";1143
"ОАО "МДМ Банк";323
"ЗАО "Республиканский банк";3277
"АКБ "АЗИМУТ" (ОАО)";3154
"НКО ООО "АРБ-ИНКАСС";3353
Банк ПТБ (ООО);2638
"ЗАО АКБ "ЭКСПРЕСС-ВОЛГА";3085
"КБ "Евросоюз" (ООО)";3411
"КБ "ИНТЕРКОММЕРЦ" (ООО)";1657
"ЗАО "Банк Сибирь";170
"ЗАО "БМИ";3396
"АКБ "ГЛОБУС" (ОАО)";2438
НКО РП СВМБ АО;3324
"Дил-банк" (ООО)";3384
"ООО КБ "Лэнд-Банк";1478
"ООО КБ "Алтайэнергобанк";1975
"ЗАО НКО "ПКД";3343
ГПБ (ОАО);354
"АКБ "Инвестторгбанк" (ПАО)";2763
"ЗАО "БАНК БЕРЕЙТ";3505
"ЗАО "Сберинвестбанк";1743
"ОАО "Россельхозбанк";3349
"КБ "Москоммерцбанк" (ОАО)";3365
"ООО МКБ "Аверс";415
"ОАО Банк "Пурпе";709
"ОАО АПБ "Екатерининский";2167
"ОАО АКБ "Башкомснаббанк";1398
"Мерседес-Бенц Банк Рус" ООО";3473
ОАО Банк АВБ;23
"ООО КБ "ПрестижКредитБанк";2922
"АКБ "Ресурс-траст" (ЗАО)";3122
"ПАО АКБ "ИРОНБАНК";1724
"АО "Кубаньторгбанк";478
"ПАО АКБ "Сельмашбанк";106
"КБ "ВЕТБ" ЗАО";2253
"ООО "Банк Стандарт-Кредит";841
"ЗАО "СМБСР Банк";3494
"ПАО КБ "Восточный";1460
"АО "Гринкомбанк";1184
"АКБ "Ноосфера" (АО)";2650
"ООО "Первый Клиентский Банк";3436
"ООО КБ "СОЮЗНЫЙ";3236
"ОАО АКБ "Металлинвестбанк";2440
"АКБ "СЛАВИЯ" (АО)";2664
"Банк "Клиентский" (ОАО)";2324
"АКБ "Московский Вексельный Банк" (АО)";2697
МОРСКОЙ БАНК (ОАО);77
"АО "ПЕРВОУРАЛЬСКБАНК";965
"АКБ "Московский Вексельный Банк" (ЗАО)";2697
"НКО "Зеленокумская" (ОАО)";1239
"ОАО "ОТП Банк";2766
"КБ "Информпрогресс" (ООО)";2166
ПАО Банк ЗЕНИТ;3255
"АКБ "ДАЛЕТБАНК" (АО)";3049
"ОАО КБ "Флора-Москва";533
"ООО "ЗЕМКОМБАНК";574
"ПАО АКБ "Урал ФД";249
"ЗАО "РСКБ";2050
"АО "УРАЛПРОМБАНК";2964
"АКБ "Легион" (АО)";3117
"АКБ "Легион" (ОАО)";3117
"ОАО КБ "Максимум";466
"ФИНАРС Банк" (АО)";2938
"ОАО "Нордеа Банк";3016
"Натиксис Банк (ЗАО)";3390
"ОАО "Промсвязьбанк";3251
"ОАО "Региональный банк развития";2782
"АБ "Алданзолотобанк" АО";854
"ЗАО "ФОРУС Банк";3457
ВЛБАНК (ОАО);1222
"АО "Народный банк";2249
"ПАО СКБ Приморья "Примсоцбанк";2733
"ОАО "Камчаткомагропромбанк";545
"АКБ "ФОРА-БАНК" (ЗАО)";1885
"ООО КБ "Конфидэнс Банк";970
"ОАО "Мобилбанк";532
Ростпромстройбанк (ОАО);1705
ЗАО СРЦ;3308
"АО "ЮМК банк";3495
"ЗАО АКБ "ВладиКомБанк";2851
"ОАО АКБ "ЕВРОФИНАНС МОСНАРБАНК";2402
"КБ "ИНВЕСТИЦИОННЫЙ СОЮЗ" (ООО)";637
"ОАО Комирегионбанк "Ухтабанк";1663
"ОАО АКБ "ПРОМИНВЕСТБАНК";2433
"(ЗАО "НКБ "СЛАВЯНБАНК")";804
"ОАО АКБ "Русский земельный банк";2810
"ОАО "ЯРСОЦБАНК";828
"ОАО "АБ "ПУШКИНО";391
"ЗАСКБ "НАДЕЖНОСТЬ" ОАО";2425
"НКО АО "ЛИДЕР";3304
"АКБ "ХОВАНСКИЙ" (ЗАО)";2145
"ООО КБ "Смоленский Банк";2029
"КБ "Экспресс-кредит" (АО)";210
АО РОСЭКСИМБАНК;2790
"ООО "РегионИнвестБанк";2652
"КБ "Континенталь" ООО";3184
"ЗАО "БВА Банк";1684
"АО "Кузнецкбизнесбанк";1158
"ЗАО КБ "Ростовский Универсальный";2813
"ООО КБ "Контраст-банк";2857
"ООО "КБ "МЕЖТРАСТБАНК";2493
"АО "Данске банк";3307
ООО КБЦА;3037
"ОАО КБ "Эллипс банк";1950
"ПАО "Энергомашбанк";52
"Банк "Йошкар-Ола" (ПАО)";2802
"ЗАО "ТЮМЕНЬАГРОПРОМБАНК";917
"АКБ "Мосуралбанк" (ЗАО)";2468
"КБ "Охотный ряд" (ООО)";3375
"РИАБАНК" (ЗАО)";3434
"ЗАО "Первый Дортрансбанк";3271
"ЗАО ГКБ "Автоградбанк";1455
"ЗАО "РУССТРОЙБАНК";3205
"АКБ "ГОРОД" ЗАО";2644
"ПАО БАНК "МОСКВА-СИТИ";3247
"ООО "Хакасский муниципальный банк";1049
"АКБ "Ланта-Банк" (АО)";1920
"Банк "Вятич" (ОАО)";2796
"Банк "СКС" (ООО)";3224
"ОАО "МОСКОВСКИЙ КРЕДИТНЫЙ БАНК";1978
"КБ "РЭБ" (ЗАО)";2211
"ОАО НДКО "МЦМ";3489
"АКБ "Северо-Западный 1 Альянс Банк" ОАО";766
АК ФБ Инноваций и Развития (ЗАО);2647
"ОАО АКБ "ЭКОПРОМБАНК";2011
"КАБ "Бежица-банк" ОАО";650
"ОАО "ВостСибтранскомбанк";2731
"БАНК "КУРГАН" ПАО";2568
"БСТ-БАНК" ЗАО";2883
"КБ "Байкалкредобанк" (ОАО)";2990
"ООО КБ "Западный";2598
ООО Тревел Банк;531
ЗАО УРП;3326
"ООО КБ "РАТИБОР-БАНК";2174
"АКБ "Мультибанк" ОАО";2235
"ОАО АКБ "Проинвестбанк";784
"ЗАО "Банк ЖилФинанс";3138
